City,Lat,Lng,Max Temp,Humidity,Cloudiness,Wind Speed,Country,Date
adrar,20.5022,-10.0711,80.08,7.0,0.0,10.74,MR,1616788032.0
chokurdakh,70.6333,147.9167,-31.85,100.0,76.0,4.47,RU,1616788034.0
laguna,38.421,-121.4238,69.01,24.0,1.0,16.11,US,1616788036.0
mehamn,71.0357,27.8492,37.4,64.0,0.0,35.68,NO,1616787757.0
lleida,41.6167,0.6167,62.01,67.0,0.0,3.44,ES,1616788042.0
rikitea,-23.1203,-134.9692,79.32,71.0,2.0,19.19,PF,1616788047.0
hobyo,5.3505,48.5268,80.13,70.0,1.0,12.77,SO,1616788049.0
bayan,46.0833,127.4,46.0,83.0,99.0,15.17,CN,1616788051.0
bodmin,50.4715,-4.7243,42.8,81.0,75.0,14.97,GB,1616788054.0
busselton,-33.65,115.3333,46.99,94.0,61.0,5.7,AU,1616788056.0
butaritari,3.0707,172.7902,80.82,80.0,61.0,15.26,KI,1616788058.0
bengkulu,-3.8004,102.2655,76.68,89.0,96.0,3.96,ID,1616788060.0
jalingo,8.8833,11.3667,87.1,14.0,21.0,4.29,NG,1616788061.0
ushuaia,-54.8,-68.3,51.8,54.0,40.0,9.22,AR,1616788063.0
bagdarin,54.4333,113.6,17.94,97.0,100.0,2.91,RU,1616788065.0
cananeia,-25.0147,-47.9267,80.8,76.0,53.0,6.33,BR,1616788067.0
moranbah,-22.0016,148.0466,69.3,83.0,0.0,8.41,AU,1616788069.0
bandundu,-3.3167,17.3667,73.0,93.0,100.0,1.99,CD,1616788070.0
fonte boa,42.6796,-7.0654,51.01,69.0,100.0,4.0,ES,1616788072.0
coihaique,-45.5752,-72.0662,62.6,55.0,75.0,6.91,CL,1616787840.0
huarmey,-10.0681,-78.1522,75.42,72.0,19.0,11.05,PE,1616788079.0
nikolskoye,59.7035,30.7861,34.0,93.0,40.0,2.68,RU,1616788081.0
ventspils,57.3894,21.5606,33.8,100.0,0.0,1.14,LV,1616788082.0
tilichiki,60.4667,166.1,-12.42,97.0,37.0,5.61,RU,1616788084.0
provideniya,64.3833,-173.3,2.07,90.0,100.0,14.83,RU,1616788086.0
baykit,61.67,96.37,6.93,99.0,100.0,2.21,RU,1616788089.0
cidreira,-30.1811,-50.2056,78.28,77.0,98.0,9.93,BR,1616787967.0
salinopolis,-0.6136,-47.3561,73.92,93.0,100.0,1.05,BR,1616788093.0
hambantota,6.1241,81.1185,78.8,100.0,75.0,9.22,LK,1616788096.0
tolbazy,54.0241,55.8825,23.0,80.0,0.0,6.71,RU,1616788098.0
naryan-mar,67.6713,53.087,15.85,87.0,9.0,10.25,RU,1616788100.0
barrow,71.2906,-156.7887,-11.2,92.0,1.0,3.58,US,1616788101.0
jamestown,42.097,-79.2353,41.0,93.0,90.0,17.34,US,1616787859.0
cayenne,4.9333,-52.3333,86.0,66.0,75.0,13.8,GF,1616788105.0
buin,-33.7333,-70.75,80.01,18.0,0.0,12.66,CL,1616788107.0
sitka,57.0531,-135.33,39.2,93.0,90.0,3.44,US,1616788108.0
riyadh,24.6877,46.7219,87.8,11.0,0.0,10.36,SA,1616788110.0
ola,59.5833,151.2833,-9.62,97.0,56.0,5.21,RU,1616788112.0
vaini,-21.2,-175.2,77.0,100.0,75.0,5.75,TO,1616788114.0
aksu,41.1231,80.2644,56.89,25.0,100.0,4.09,CN,1616788116.0
srednekolymsk,67.45,153.6833,-25.26,99.0,61.0,3.53,RU,1616788119.0
hermanus,-34.4187,19.2345,63.0,78.0,0.0,12.66,ZA,1616788121.0
chillan,-36.6066,-72.1034,77.0,27.0,0.0,12.66,CL,1616788122.0
lebu,-37.6167,-73.65,59.86,64.0,0.0,18.57,CL,1616788126.0
dikson,73.5069,80.5464,-9.85,100.0,100.0,10.74,RU,1616788129.0
vaitape,-16.5167,-151.75,83.28,72.0,4.0,21.54,PF,1616788131.0
yar-sale,66.8333,70.8333,3.38,89.0,44.0,11.41,RU,1616788136.0
mackay,-21.15,149.2,71.6,88.0,1.0,4.61,AU,1616788139.0
cody,44.5263,-109.0565,37.0,64.0,90.0,6.91,US,1616788074.0
rawson,-43.3002,-65.1023,65.59,47.0,0.0,10.29,AR,1616788143.0
opuwo,-18.0607,13.84,69.73,66.0,95.0,6.8,NA,1616788144.0
kavieng,-2.5744,150.7967,81.34,77.0,100.0,8.05,PG,1616788146.0
dongsheng,39.8161,109.9776,41.72,26.0,35.0,8.46,CN,1616788148.0
hithadhoo,-0.6,73.0833,82.62,70.0,92.0,6.29,MV,1616788150.0
qaanaaq,77.484,-69.3632,-7.53,64.0,100.0,5.48,GL,1616788152.0
lompoc,34.6391,-120.4579,62.01,63.0,1.0,14.97,US,1616788153.0
killybegs,54.6333,-8.45,41.0,87.0,88.0,18.41,IE,1616788155.0
nehe,48.4833,124.8333,33.89,95.0,43.0,2.75,CN,1616788157.0
kodiak,57.79,-152.4072,33.8,51.0,1.0,16.11,US,1616788160.0
macherla,16.4833,79.4333,81.18,47.0,12.0,8.5,IN,1616788162.0
floro,61.5996,5.0328,44.6,81.0,75.0,35.68,NO,1616788164.0
gazanjyk,39.2446,55.5154,56.88,45.0,0.0,8.1,TM,1616788166.0
hasanpur,28.7167,78.2833,68.85,27.0,0.0,7.07,IN,1616788169.0
waterloo,43.4668,-80.5164,42.8,81.0,90.0,17.27,CA,1616787978.0
natal,-5.795,-35.2094,80.6,89.0,75.0,12.66,BR,1616787962.0
tasiilaq,65.6145,-37.6368,6.8,56.0,20.0,8.05,GL,1616788176.0
albany,42.6001,-73.9662,75.2,38.0,75.0,18.41,US,1616788143.0
ritchie,-29.038,24.6028,59.0,82.0,11.0,3.38,ZA,1616788179.0
avarua,-21.2078,-159.775,82.4,74.0,75.0,16.11,CK,1616788102.0
chuy,-33.6971,-53.4616,72.84,85.0,100.0,5.5,UY,1616788184.0
severnyy,50.677,36.5532,39.2,70.0,0.0,6.71,RU,1616788186.0
cananea,30.95,-110.3,59.0,28.0,0.0,7.0,MX,1616788187.0
parfino,57.9731,31.6481,32.67,97.0,87.0,2.21,RU,1616788191.0
iracoubo,5.4802,-53.2011,80.1,77.0,22.0,11.9,GF,1616788193.0
yellowknife,62.456,-114.3525,14.0,66.0,20.0,8.05,CA,1616788089.0
margate,51.3813,1.3862,44.01,83.0,100.0,1.99,GB,1616788196.0
sebrovo,50.0981,43.2976,30.99,86.0,100.0,8.88,RU,1616788198.0
mataura,-46.1927,168.8643,57.99,80.0,100.0,3.0,NZ,1616788201.0
atuona,-9.8,-139.0333,80.64,77.0,14.0,20.2,PF,1616788203.0
upernavik,72.7868,-56.1549,-25.64,86.0,10.0,6.87,GL,1616788206.0
buala,-8.145,159.5921,80.67,83.0,47.0,10.04,SB,1616788208.0
husavik,66.0449,-17.3389,19.4,79.0,90.0,17.27,IS,1616788210.0
phoenix,33.4484,-112.074,64.4,34.0,75.0,8.05,US,1616787941.0
frolovo,49.7713,43.6622,30.99,86.0,100.0,9.57,RU,1616788213.0
broome,42.2506,-75.833,59.0,55.0,90.0,18.41,US,1616788217.0
krasnogvardeyskiy,57.3793,62.3195,33.71,97.0,100.0,3.83,RU,1616788218.0
olafsvik,64.8945,-23.7142,19.76,68.0,100.0,20.58,IS,1616788220.0
kununurra,-15.7667,128.7333,77.0,61.0,74.0,3.56,AU,1616788222.0
hobart,-42.8794,147.3294,55.4,88.0,75.0,8.05,AU,1616788224.0
bredasdorp,-34.5322,20.0403,64.4,68.0,0.0,8.05,ZA,1616788225.0
ratlam,23.3167,75.0667,78.46,15.0,0.0,3.47,IN,1616788227.0
pangnirtung,66.1451,-65.7125,-14.8,70.0,20.0,20.71,CA,1616788229.0
pokrovsk,48.282,37.1758,33.49,88.0,99.0,7.16,UA,1616788232.0
longyearbyen,78.2186,15.6401,19.4,68.0,40.0,18.41,SJ,1616788234.0
inhambane,-23.865,35.3833,75.15,83.0,12.0,9.44,MZ,1616787956.0
harper,4.375,-7.7169,78.96,87.0,0.0,6.93,LR,1616788241.0
severo-kurilsk,50.6789,156.125,26.74,92.0,100.0,17.76,RU,1616788242.0
acapulco,16.8634,-99.8901,86.0,58.0,20.0,10.36,MX,1616788105.0
nhulunbuy,-12.2333,136.7667,78.8,94.0,75.0,4.83,AU,1616788251.0
beloha,-25.1667,45.05,73.56,83.0,1.0,3.36,MG,1616788252.0
elko,41.0002,-115.5012,43.0,42.0,90.0,9.01,US,1616788254.0
hollola,61.05,25.4333,30.99,96.0,9.0,3.0,FI,1616788258.0
akyab,20.15,92.9,77.88,46.0,39.0,6.29,MM,1616788259.0
apatzingan,19.0833,-102.35,75.2,35.0,75.0,9.22,MX,1616788261.0
geraldton,-28.7667,114.6,62.6,77.0,7.0,11.5,AU,1616788263.0
faanui,-16.4833,-151.75,83.26,72.0,4.0,21.59,PF,1616788265.0
castanos,26.7833,-101.4167,86.29,10.0,3.0,7.23,MX,1616788268.0
pevek,69.7008,170.3133,-30.51,99.0,97.0,4.36,RU,1616788271.0
rudbar,30.15,62.6,83.01,15.0,0.0,8.14,AF,1616788273.0
ostrovnoy,68.0531,39.5131,19.2,83.0,100.0,11.86,RU,1616788278.0
hilo,19.7297,-155.09,80.6,54.0,1.0,4.61,US,1616788022.0
carnarvon,-24.8667,113.6333,75.2,73.0,100.0,13.8,AU,1616788252.0
garowe,8.4054,48.4845,72.84,64.0,50.0,14.83,SO,1616788283.0
ambon,-3.6954,128.1814,81.45,79.0,100.0,4.79,ID,1616788285.0
eyl,7.9803,49.8164,78.66,72.0,67.0,12.53,SO,1616788287.0
arlit,18.7369,7.3853,72.07,11.0,0.0,20.02,NE,1616788290.0
talnakh,69.4865,88.3972,15.15,92.0,100.0,9.71,RU,1616788295.0
iqaluit,63.7506,-68.5145,-11.0,58.0,1.0,17.27,CA,1616788297.0
peniche,39.3558,-9.3811,55.0,80.0,72.0,3.0,PT,1616788298.0
anandnagar,27.1,83.2833,69.64,16.0,0.0,5.12,IN,1616788300.0
saint-philippe,-21.3585,55.7679,78.8,83.0,0.0,3.44,RE,1616788304.0
hami,42.8,93.45,55.67,28.0,42.0,4.56,CN,1616788305.0
saldanha,-33.0117,17.9442,66.2,72.0,0.0,3.44,ZA,1616788215.0
igrim,63.1906,64.4162,22.82,96.0,63.0,5.08,RU,1616788309.0
taoudenni,22.6783,-3.9836,77.4,7.0,4.0,11.65,ML,1616788142.0
shar,49.5886,81.0453,14.05,96.0,100.0,3.78,KZ,1616788312.0
namatanai,-3.6667,152.4333,78.91,81.0,100.0,6.46,PG,1616788314.0
ninotsminda,41.2646,43.5916,30.2,93.0,75.0,1.14,GE,1616788316.0
bandarbeyla,9.4942,50.8122,78.85,72.0,82.0,14.65,SO,1616788319.0
mumford,5.2618,-0.759,80.94,83.0,5.0,9.69,GH,1616788321.0
springville,40.1652,-111.6107,44.6,61.0,75.0,17.27,US,1616788323.0
roald,62.5833,6.1333,48.2,66.0,40.0,9.22,NO,1616788324.0
camargo,27.6667,-105.1667,81.57,3.0,0.0,15.95,MX,1616788326.0
batagay,67.6333,134.6333,-0.69,96.0,100.0,4.43,RU,1616788328.0
luderitz,-26.6481,15.1594,63.55,79.0,0.0,9.01,NA,1616788330.0
oussouye,12.485,-16.5469,89.6,73.0,0.0,4.61,SN,1616788331.0
talaya,61.3833,152.75,-29.38,99.0,60.0,2.17,RU,1616788333.0
oranjestad,12.524,-70.027,84.2,61.0,20.0,26.46,AW,1616788335.0
hamilton,39.1834,-84.5333,57.99,67.0,90.0,9.22,US,1616788337.0
mantua,45.1667,10.7833,57.0,64.0,99.0,1.01,IT,1616788339.0
yazman,29.1212,71.7446,83.57,18.0,0.0,7.56,PK,1616788340.0
sola,-13.8833,167.55,82.29,74.0,99.0,12.48,VU,1616788344.0
racine,42.7495,-88.0751,41.0,80.0,90.0,6.91,US,1616788346.0
saskylakh,71.9167,114.0833,-3.55,100.0,99.0,3.09,RU,1616788351.0
vestmannaeyjar,63.4427,-20.2734,23.85,68.0,31.0,20.69,IS,1616788352.0
hasaki,35.7333,140.8333,37.4,87.0,0.0,2.3,JP,1616788354.0
dicabisagan,17.0818,122.4157,75.81,87.0,77.0,1.83,PH,1616788356.0
nizwa,22.9333,57.5333,78.3,30.0,9.0,4.81,OM,1616788143.0
freeport,40.6576,-73.5832,75.2,68.0,20.0,13.8,US,1616788210.0
sidney,-33.8679,151.2073,64.4,88.0,0.0,8.05,AU,1616788266.0
uyuni,-20.4597,-66.825,63.46,25.0,36.0,14.72,BO,1616788364.0
hirado,33.3597,129.5531,57.0,53.0,17.0,1.01,JP,1616788367.0
kapaa,22.0752,-159.319,75.2,88.0,75.0,5.46,US,1616788371.0
jumla,29.2747,82.1838,45.55,39.0,0.0,4.9,NP,1616788374.0
coahuayana,18.7333,-103.6833,80.6,36.0,40.0,9.01,MX,1616788376.0
laela,-8.5667,32.05,60.62,95.0,100.0,3.36,TZ,1616788378.0
sauce,-34.6469,-56.0628,73.4,88.0,90.0,8.05,UY,1616788379.0
tobol,52.6844,62.5794,20.52,89.0,100.0,6.29,KZ,1616788383.0
katsuura,35.1333,140.3,51.8,58.0,0.0,16.11,JP,1616788385.0
fez,34.0372,-4.9998,57.2,77.0,0.0,6.91,MA,1616788386.0
jiaojiang,28.6803,121.4428,62.01,98.0,43.0,3.67,CN,1616788388.0
kieta,-6.2167,155.6333,79.2,85.0,99.0,5.55,PG,1616788390.0
orlik,52.5178,99.825,14.99,90.0,100.0,5.48,RU,1616788392.0
georgetown,5.4112,100.3354,78.01,94.0,20.0,1.12,MY,1616788164.0
bluff,-46.6,168.3333,57.99,80.0,100.0,1.99,NZ,1616788395.0
airai,-8.9266,125.4092,59.43,92.0,94.0,2.04,TL,1616788397.0
tiksi,71.6872,128.8694,7.09,92.0,100.0,7.49,RU,1616788399.0
salalah,17.0151,54.0924,78.8,29.0,0.0,4.61,OM,1616788402.0
lavrentiya,65.5833,-171.0,-1.97,86.0,100.0,7.52,RU,1616788404.0
kirovsk,48.6375,38.6428,32.11,91.0,64.0,4.5,UA,1616788407.0
svetlograd,45.3353,42.8547,35.6,93.0,40.0,13.42,RU,1616788409.0
zhengjiatun,43.5064,123.5064,48.92,74.0,88.0,16.84,CN,1616788411.0
querecotillo,-4.8378,-80.6456,91.6,36.0,12.0,10.67,PE,1616788413.0
asyut,27.181,31.1837,60.8,48.0,0.0,13.8,EG,1616788329.0
macerata,43.2,13.1667,52.0,66.0,57.0,5.66,IT,1616788416.0
sohag,26.557,31.6948,62.6,39.0,0.0,10.36,EG,1616788418.0
atbasar,51.8,68.3333,24.85,92.0,100.0,7.45,KZ,1616788420.0
caravelas,-17.7125,-39.2481,80.65,65.0,0.0,7.14,BR,1616788421.0
constitucion,-35.3333,-72.4167,67.73,50.0,0.0,16.71,CL,1616788425.0
clarksburg,39.2807,-80.3445,62.01,51.0,90.0,11.5,US,1616788428.0
townsville,-19.25,146.8,78.8,89.0,40.0,8.05,AU,1616788411.0
zalantun,48.0,122.7167,30.79,85.0,2.0,4.92,CN,1616788433.0
thakurgaon,26.0333,88.4667,71.91,13.0,0.0,3.76,BD,1616788437.0
alabushevo,56.01,37.15,41.0,75.0,0.0,6.71,RU,1616788438.0
chitipa,-9.7024,33.2697,61.18,96.0,100.0,2.26,MW,1616788440.0
khatanga,71.9667,102.5,-12.41,99.0,91.0,2.37,RU,1616788444.0
coquimbo,-29.9533,-71.3436,66.2,59.0,0.0,14.97,CL,1616788198.0
sorong,-0.8833,131.25,79.3,83.0,92.0,3.69,ID,1616788254.0
fortuna,40.5982,-124.1573,57.99,66.0,1.0,10.36,US,1616788450.0
thompson,55.7435,-97.8558,24.8,86.0,90.0,3.44,CA,1616788452.0
sindor,62.8629,51.8905,22.57,95.0,47.0,3.89,RU,1616788454.0
beringovskiy,63.05,179.3167,-0.6,93.0,100.0,13.78,RU,1616788455.0
mragowo,53.8644,21.3051,37.4,100.0,99.0,4.85,PL,1616788457.0
sarangani,5.4033,125.4636,81.86,75.0,100.0,5.41,PH,1616788459.0
victoria,22.2855,114.1577,73.0,88.0,99.0,8.81,HK,1616788461.0
bethel,41.3712,-73.414,80.6,41.0,75.0,13.8,US,1616788466.0
pitimbu,-7.4706,-34.8086,84.2,70.0,75.0,14.97,BR,1616788468.0
juneau,58.3019,-134.4197,37.4,87.0,90.0,8.05,US,1616788209.0
leningradskiy,69.3833,178.4167,-24.09,97.0,67.0,3.31,RU,1616788471.0
torbay,47.6666,-52.7314,48.99,81.0,90.0,25.32,CA,1616788473.0
pitsunda,43.1592,40.3378,35.6,93.0,72.0,4.47,GE,1616788475.0
berlevag,70.8578,29.0864,33.8,64.0,0.0,35.68,NO,1616788479.0
kichera,55.9375,110.0997,17.08,80.0,94.0,6.22,RU,1616788481.0
phek,25.6667,94.5,44.94,36.0,0.0,1.83,IN,1616788483.0
buhe,30.2876,112.2298,55.99,94.0,98.0,4.61,CN,1616788485.0
cherskiy,68.75,161.3,-21.24,99.0,99.0,5.21,RU,1616788487.0
praia,14.9215,-23.5087,71.6,64.0,20.0,27.63,CV,1616788488.0
svetlaya,46.5389,138.3297,31.12,83.0,100.0,3.74,RU,1616788492.0
mahebourg,-20.4081,57.7,77.0,94.0,75.0,3.44,MU,1616788494.0
ust-nera,64.5667,143.2,-17.79,97.0,99.0,3.76,RU,1616788495.0
dakar,14.6937,-17.4441,69.8,88.0,0.0,13.8,SN,1616788306.0
taber,49.8167,-112.1518,37.0,69.0,75.0,5.75,CA,1616788499.0
havre-saint-pierre,50.2334,-63.5986,37.4,48.0,1.0,18.41,CA,1616788504.0
saint-francois,46.4154,3.9054,52.0,87.0,88.0,3.44,FR,1616788505.0
ulaangom,49.9811,92.0667,12.31,60.0,0.0,6.69,MN,1616788509.0
nuuk,64.1835,-51.7216,-0.4,50.0,40.0,19.57,GL,1616788511.0
chernyshevskiy,63.0128,112.4714,-6.63,100.0,85.0,3.76,RU,1616788512.0
batticaloa,7.7102,81.6924,80.58,82.0,100.0,2.51,LK,1616788514.0
cobija,-11.0267,-68.7692,89.6,62.0,40.0,5.75,BO,1616788518.0
ust-tsilma,65.441,52.1498,25.88,91.0,97.0,6.96,RU,1616788523.0
ballina,-28.8667,153.5667,62.6,94.0,57.0,5.41,AU,1616788524.0
gizo,-8.103,156.8419,82.58,75.0,100.0,7.34,SB,1616788526.0
newport,51.5877,-2.9984,44.01,84.0,53.0,1.99,GB,1616788528.0
sadiqabad,28.3062,70.1307,82.26,19.0,0.0,6.35,PK,1616788531.0
mahanoro,-19.9,48.8,75.6,92.0,46.0,3.09,MG,1616788535.0
pisco,-13.7,-76.2167,77.0,61.0,0.0,24.16,PE,1616788540.0
sisimiut,66.9395,-53.6735,-5.4,79.0,82.0,12.15,GL,1616788541.0
mildura,-34.2,142.15,59.0,72.0,100.0,6.91,AU,1616788543.0
usinsk,65.9939,57.5281,12.96,96.0,80.0,8.66,RU,1616788545.0
nemuro,43.3236,145.575,29.05,67.0,0.0,22.66,JP,1616788547.0
taltal,-25.4,-70.4833,68.65,69.0,24.0,6.73,CL,1616788549.0
salta,-24.7859,-65.4117,71.6,68.0,75.0,20.71,AR,1616788550.0
toora-khem,52.4675,96.11,18.03,88.0,55.0,6.04,RU,1616788552.0
oranjemund,-28.55,16.4333,62.11,81.0,0.0,2.48,NA,1616788554.0
sept-iles,50.2001,-66.3821,37.0,44.0,90.0,16.11,CA,1616788354.0
aklavik,68.2191,-135.0107,-2.2,77.0,100.0,8.05,CA,1616788561.0
marolambo,-20.05,48.1167,71.42,98.0,84.0,1.5,MG,1616788563.0
monrovia,6.3005,-10.7969,80.6,83.0,20.0,3.44,LR,1616788567.0
galle,6.0367,80.217,77.49,87.0,100.0,5.48,LK,1616788569.0
keuruu,62.2667,24.7,35.6,80.0,0.0,6.91,FI,1616788571.0
vao,-22.6667,167.4833,77.81,76.0,9.0,13.35,NC,1616788573.0
kaitangata,-46.2817,169.8464,53.85,79.0,76.0,2.86,NZ,1616788575.0
lorengau,-2.0226,147.2712,79.72,81.0,100.0,4.16,PG,1616788580.0
kahului,20.8947,-156.47,78.8,73.0,20.0,3.44,US,1616788583.0
narsaq,60.9167,-46.05,12.2,40.0,1.0,4.61,GL,1616788585.0
tura,25.5198,90.2201,71.83,13.0,0.0,3.0,IN,1616788588.0
neman,55.0311,22.0264,43.81,76.0,11.0,1.52,RU,1616788590.0
bambanglipuro,-7.95,110.2833,76.8,89.0,87.0,2.95,ID,1616788592.0
hanyang,32.1371,105.5126,59.0,72.0,97.0,1.7,CN,1616788593.0
mikhaylovka,50.06,43.2379,30.99,86.0,100.0,8.95,RU,1616788595.0
borodino,55.9106,94.8983,24.28,91.0,97.0,11.92,RU,1616788597.0
shingu,33.7333,135.9833,45.34,46.0,23.0,4.83,JP,1616788599.0
mahina,-17.5065,-149.489,86.0,66.0,40.0,4.61,PF,1616788404.0
faya,18.3851,42.4509,66.2,63.0,0.0,1.39,SA,1616788605.0
sawtell,-30.3833,153.1,64.4,88.0,40.0,5.75,AU,1616788609.0
stykkisholmur,65.0757,-22.7297,17.73,66.0,100.0,14.52,IS,1616788610.0
portland,45.5234,-122.6762,51.01,66.0,90.0,0.25,US,1616787903.0
varhaug,58.6147,5.6457,42.01,97.0,100.0,5.99,NO,1616788614.0
tambacounda,13.7539,-13.7586,104.0,33.0,0.0,4.61,SN,1616788617.0
nishihara,26.1842,127.7558,69.8,78.0,20.0,11.5,JP,1616788619.0
wahpeton,46.2652,-96.6059,45.0,65.0,1.0,17.27,US,1616788624.0
carbonia,39.1672,8.5222,55.99,94.0,0.0,5.75,IT,1616788398.0
poum,-20.2333,164.0167,79.84,73.0,7.0,13.49,NC,1616788627.0
teya,60.3778,92.6267,20.5,94.0,100.0,6.11,RU,1616788629.0
tuktoyaktuk,69.4541,-133.0374,-7.6,77.0,90.0,12.66,CA,1616788631.0
huambo,-12.7761,15.7392,60.69,94.0,100.0,3.31,AO,1616788633.0
tarauaca,-8.1614,-70.7656,82.45,85.0,41.0,2.3,BR,1616788639.0
ishigaki,24.3448,124.1572,73.06,84.0,3.0,19.28,JP,1616788641.0
niamey,13.5137,2.1098,96.8,11.0,15.0,10.36,NE,1616788643.0
hajnowka,52.7433,23.5812,37.0,71.0,7.0,1.01,PL,1616788565.0
kambam,5.2505,96.8629,78.6,81.0,100.0,5.28,ID,1616788646.0
awka,6.2101,7.0741,87.8,66.0,16.0,3.65,NG,1616788648.0
vanimo,-2.6741,141.3028,76.55,89.0,99.0,4.85,PG,1616788650.0
kalmunai,7.4167,81.8167,79.47,84.0,100.0,1.86,LK,1616788581.0
omboue,-1.5746,9.2618,78.15,80.0,79.0,6.98,GA,1616788653.0
raudeberg,61.9875,5.1352,44.01,89.0,100.0,30.82,NO,1616788655.0
khorinsk,52.1657,109.7726,22.75,91.0,100.0,5.14,RU,1616788657.0
samarinda,-0.5,117.15,73.04,99.0,100.0,0.65,ID,1616788659.0
sur,22.5667,59.5289,79.43,53.0,93.0,7.72,OM,1616788660.0
souillac,-20.5167,57.5167,77.0,94.0,75.0,3.44,MU,1616788664.0
bilma,18.6853,12.9164,70.25,14.0,0.0,10.67,NE,1616788666.0
esso,55.9333,158.7,-4.88,98.0,57.0,4.21,RU,1616788667.0
saint-georges,12.0564,-61.7485,84.2,65.0,20.0,21.85,GD,1616788447.0
skjervoy,70.0311,20.9714,39.2,52.0,0.0,9.22,NO,1616788671.0
naze,28.3667,129.4833,63.3,68.0,2.0,13.35,JP,1616788674.0
wanning,18.8003,110.3967,71.55,88.0,65.0,2.46,CN,1616788677.0
omsukchan,62.5333,155.8,-22.45,94.0,22.0,3.51,RU,1616788681.0
ixtapa,20.7,-105.2,73.4,68.0,75.0,11.5,MX,1616788683.0
kumba,4.6363,9.4469,77.2,82.0,100.0,1.77,CM,1616788684.0
shahe,39.2708,113.5478,44.04,83.0,2.0,3.94,CN,1616788686.0
korla,41.7597,86.1469,56.53,29.0,100.0,3.02,CN,1616788688.0
isangel,-19.55,169.2667,78.55,83.0,13.0,6.11,VU,1616788615.0
goundam,16.4145,-3.6708,80.04,5.0,0.0,8.86,ML,1616788693.0
hualmay,-11.0964,-77.6139,74.46,72.0,34.0,9.84,PE,1616788696.0
castro,-24.7911,-50.0119,79.74,61.0,20.0,4.74,BR,1616788698.0
kangaba,11.9333,-8.4167,88.59,11.0,5.0,5.23,ML,1616788700.0
ust-kuyga,70.0167,135.6,-4.18,93.0,100.0,5.84,RU,1616788702.0
kintampo,8.0563,-1.7306,89.44,32.0,30.0,4.61,GH,1616788704.0
escanaba,45.7453,-87.0646,37.99,64.0,90.0,5.75,US,1616788705.0
morondava,-20.2833,44.2833,78.04,74.0,0.0,5.88,MG,1616788529.0
shiyan,32.6475,110.7781,51.76,92.0,74.0,5.73,CN,1616788710.0
machico,32.7,-16.7667,66.2,88.0,40.0,8.05,PT,1616788712.0
jiuquan,39.7432,98.5174,47.28,24.0,0.0,3.53,CN,1616788715.0
meiktila,20.8667,95.8667,81.66,25.0,62.0,2.95,MM,1616788717.0
dukat,62.55,155.55,-20.52,90.0,17.0,3.51,RU,1616788719.0
lipovtsy,44.2014,131.7244,36.9,81.0,100.0,18.1,RU,1616788721.0
iralaya,15.0,-83.2333,82.38,68.0,18.0,12.57,HN,1616788723.0
nanortalik,60.1432,-45.2371,12.61,64.0,76.0,14.63,GL,1616788724.0
tokur,53.1333,132.9,2.66,96.0,93.0,3.69,RU,1616788731.0
namibe,-15.1961,12.1522,74.28,83.0,100.0,5.66,AO,1616788649.0
chara,56.9064,118.2631,19.54,92.0,100.0,1.77,RU,1616788737.0
sala,34.0389,-6.8166,62.01,55.0,0.0,5.75,MA,1616788742.0
canavieiras,-15.675,-38.9472,80.53,68.0,0.0,7.09,BR,1616788744.0
zafra,38.4167,-6.4167,60.8,55.0,0.0,4.61,ES,1616788746.0
kavaratti,10.5669,72.642,83.17,73.0,29.0,3.02,IN,1616788748.0
tabou,4.423,-7.3528,79.02,87.0,2.0,6.26,CI,1616788751.0
alexandria,31.2156,29.9553,57.2,44.0,40.0,11.5,EG,1616788753.0
ascope,-7.7144,-79.1078,73.4,78.0,0.0,14.97,PE,1616788755.0
hofn,64.2539,-15.2082,23.29,62.0,100.0,27.78,IS,1616788757.0
labytnangi,66.6572,66.4183,4.03,92.0,69.0,5.12,RU,1616788758.0
mbour,14.422,-16.9638,69.8,73.0,1.0,20.71,SN,1616788760.0
dingle,10.9995,122.6711,75.74,90.0,68.0,6.87,PH,1616788765.0
buraydah,26.326,43.975,78.8,34.0,0.0,3.44,SA,1616788558.0
fougamou,-1.2154,10.5838,76.64,84.0,96.0,3.13,GA,1616788768.0
kruisfontein,-34.0033,24.7314,68.0,67.0,28.0,1.99,ZA,1616788772.0
whitehorse,60.7161,-135.0538,30.2,69.0,75.0,5.75,CA,1616788563.0
nevelsk,46.6733,141.8633,12.2,92.0,47.0,2.24,RU,1616788775.0
ilulissat,69.2167,-51.1,-7.6,45.0,1.0,1.3,GL,1616788777.0
tuatapere,-46.1333,167.6833,57.99,80.0,100.0,1.99,NZ,1616788654.0
alenquer,-1.9417,-54.7383,84.2,74.0,75.0,5.75,BR,1616788780.0
kirakira,-10.4544,161.9205,80.37,83.0,84.0,8.41,SB,1616788782.0
beinamar,8.6698,15.3813,86.99,14.0,100.0,3.36,TD,1616788784.0
acarau,-2.8856,-40.12,77.45,83.0,99.0,10.54,BR,1616788786.0
bijar,35.8668,47.6051,40.8,47.0,0.0,6.42,IR,1616788787.0
sibu,2.3,111.8167,75.2,94.0,40.0,3.44,MY,1616788669.0
skibbereen,51.55,-9.2667,37.4,75.0,20.0,12.66,IE,1616788792.0
asau,46.4333,26.4,35.01,55.0,7.0,4.47,RO,1616788797.0
skarnes,60.2528,11.6797,41.0,93.0,75.0,14.97,NO,1616788799.0
rutana,-3.8667,30.1,57.7,90.0,100.0,4.52,BI,1616788801.0
kamenskiy,50.8855,45.488,32.25,85.0,100.0,11.81,RU,1616788803.0
tombouctou,20.0,-3.0,76.37,5.0,0.0,9.17,ML,1616788805.0
vangaindrano,-23.35,47.6,73.38,91.0,9.0,5.37,MG,1616788807.0
nador,35.174,-2.9287,59.0,58.0,0.0,2.3,MA,1616788809.0
penalva,-3.2942,-45.1736,79.12,90.0,90.0,2.24,BR,1616788811.0
haverfordwest,51.8017,-4.9691,44.01,84.0,100.0,11.01,GB,1616788813.0
marienburg,54.0359,19.0266,50.0,67.0,9.0,7.9,PL,1616788780.0
luganville,-15.5333,167.1667,79.61,85.0,88.0,6.08,VU,1616788819.0
erzin,36.9559,36.2,45.0,65.0,24.0,3.27,TR,1616788823.0
ancud,-41.8697,-73.8203,62.6,63.0,20.0,8.05,CL,1616788824.0
poopo,-18.3667,-66.9667,54.52,49.0,90.0,2.91,BO,1616788826.0
balikpapan,-1.2675,116.8289,75.25,90.0,100.0,4.36,ID,1616788802.0
necochea,-38.5473,-58.7368,63.0,87.0,100.0,8.01,AR,1616788831.0
yangambi,0.8102,24.4336,66.45,99.0,99.0,2.17,CD,1616788833.0
touros,-5.1989,-35.4608,80.6,74.0,75.0,9.22,BR,1616788835.0
sioni,41.9895,45.0239,42.8,81.0,75.0,5.75,GE,1616788838.0
kabanjahe,3.1001,98.4908,78.8,94.0,40.0,2.3,ID,1616788842.0
port-cartier,50.0334,-66.8654,37.0,44.0,90.0,16.11,CA,1616788843.0
saint-augustin,51.226,-58.6502,29.01,78.0,100.0,18.97,CA,1616788659.0
kodinsk,58.6881,99.1844,4.08,99.0,69.0,2.37,RU,1616788847.0
kralendijk,12.15,-68.2667,82.4,69.0,75.0,18.41,BQ,1616788850.0
kovdor,67.5662,30.4758,29.01,89.0,95.0,7.18,RU,1616788852.0
cabinda,-5.55,12.2,78.96,80.0,99.0,3.0,AO,1616788854.0
ucluelet,48.9329,-125.5528,50.0,76.0,20.0,6.91,CA,1616788633.0
sete,43.4018,3.6966,55.4,100.0,90.0,6.91,FR,1616788857.0
bogorodskoye,56.55,37.8833,32.2,98.0,100.0,1.92,RU,1616788859.0
carutapera,-1.195,-46.02,73.38,96.0,100.0,2.33,BR,1616788861.0
itupiranga,-5.1347,-49.3267,87.8,62.0,40.0,4.61,BR,1616788863.0
pandamatenga,-18.5278,25.627,69.58,74.0,81.0,3.04,BW,1616788866.0
nicoya,10.1483,-85.452,95.0,36.0,20.0,16.11,CR,1616788868.0
urucui,-7.2294,-44.5561,77.34,86.0,99.0,2.48,BR,1616788874.0
stornoway,58.2093,-6.3865,37.0,87.0,15.0,5.75,GB,1616788876.0
dubbo,-32.25,148.6167,51.8,93.0,0.0,6.91,AU,1616788767.0
nibbar,36.2941,8.7666,55.4,76.0,20.0,1.92,TN,1616788880.0
edd,13.9297,41.6925,84.16,43.0,4.0,11.07,ER,1616788882.0
viedma,-40.8135,-62.9967,68.4,27.0,45.0,12.5,AR,1616788887.0
salinas,36.6777,-121.6555,63.0,45.0,1.0,3.44,US,1616788696.0
aden,12.7794,45.0367,78.98,70.0,100.0,9.66,YE,1616788827.0
nome,64.5011,-165.4064,10.99,79.0,90.0,8.05,US,1616788892.0
sulangan,11.1373,123.7228,81.12,77.0,100.0,11.5,PH,1616788894.0
guadalupe,25.6833,-100.25,87.01,21.0,1.0,11.5,MX,1616788454.0
eyemouth,55.8713,-2.0901,36.0,90.0,9.0,16.24,GB,1616788897.0
adwa,14.1646,38.8955,64.15,18.0,4.0,7.25,ET,1616788899.0
esperance,-33.8667,121.9,55.4,88.0,0.0,10.36,AU,1616788902.0
samarai,-10.6167,150.6667,82.62,77.0,94.0,9.24,PG,1616788904.0
klaksvik,62.2266,-6.589,39.2,41.0,20.0,25.32,FO,1616788906.0
mitsamiouli,-11.3847,43.2844,82.47,73.0,1.0,3.91,KM,1616788716.0
tukrah,32.5341,20.5791,53.29,64.0,6.0,6.26,LY,1616788623.0
ingham,42.6,-84.3833,51.01,66.0,90.0,9.22,US,1616788912.0
shenjiamen,29.9576,122.298,58.28,98.0,70.0,16.96,CN,1616788916.0
mallapuram,11.9667,78.25,72.68,65.0,23.0,2.98,IN,1616788917.0
tiznit,29.5833,-9.5,72.84,14.0,87.0,18.12,MA,1616788919.0
sakaraha,-22.9,44.5333,68.68,91.0,6.0,2.55,MG,1616788921.0
fernie,49.5,-115.0687,42.8,33.0,100.0,9.22,CA,1616788808.0
gedo,9.0167,37.45,56.73,16.0,15.0,4.32,ET,1616788924.0
karasburg,-28.0167,18.75,62.67,53.0,0.0,15.23,NA,1616788926.0
gunjur,13.2019,-16.7339,73.4,68.0,9.0,10.36,GM,1616788930.0
belmonte,-15.8631,-38.8828,82.4,65.0,20.0,10.36,BR,1616788931.0
lappeenranta,61.0587,28.1887,32.0,100.0,90.0,3.44,FI,1616788933.0
bathsheba,13.2167,-59.5167,82.4,54.0,40.0,23.02,BB,1616788937.0
abrau-dyurso,44.69,37.59,37.4,87.0,99.0,11.18,RU,1616788938.0
bulgan,48.8125,103.5347,28.74,74.0,10.0,23.64,MN,1616788940.0
sanjwal,33.7608,72.4336,66.0,65.0,97.0,3.0,PK,1616788942.0
tecoanapa,16.5167,-98.75,83.39,57.0,0.0,11.03,MX,1616788944.0
borovskoy,53.8,64.15,17.65,90.0,100.0,5.79,KZ,1616788945.0
toamasina,-18.1667,49.3833,77.0,94.0,75.0,3.44,MG,1616788947.0
alyangula,-13.8483,136.4192,80.83,80.0,90.0,6.49,AU,1616788949.0
sabzevar,36.2126,57.6819,66.42,41.0,96.0,2.26,IR,1616788951.0
mareeba,-17.0,145.4333,78.8,89.0,40.0,1.14,AU,1616788954.0
bardiyah,31.7561,25.0865,53.71,55.0,5.0,9.08,LY,1616788956.0
zhigansk,66.7697,123.3711,12.09,92.0,100.0,19.57,RU,1616788958.0
saint-denis,48.9167,2.3333,44.6,87.0,75.0,16.11,FR,1616788960.0
kapit,2.0167,112.9333,73.27,99.0,100.0,1.39,MY,1616788961.0
seminole,28.7086,-81.2081,91.99,40.0,20.0,4.61,US,1616788963.0
hurghada,27.2574,33.8129,66.2,34.0,0.0,19.57,EG,1616788966.0
fuzhou,26.0614,119.3061,59.0,94.0,20.0,4.47,CN,1616788968.0
amazar,53.858,120.875,25.39,98.0,100.0,3.13,RU,1616788970.0
pangoa,-12.1167,-73.0,86.31,49.0,76.0,5.19,PE,1616788972.0
lircay,-12.9896,-74.7205,58.01,61.0,98.0,7.76,PE,1616788974.0
sambava,-14.2667,50.1667,77.92,88.0,100.0,4.83,MG,1616788975.0
porosozero,62.7191,32.727,33.28,91.0,100.0,0.58,RU,1616788977.0
scottsbluff,41.8666,-103.6672,37.4,100.0,90.0,4.61,US,1616788979.0
langxiang,46.95,128.8833,33.42,99.0,100.0,3.15,CN,1616788981.0
verkhoyansk,67.5447,133.385,-1.82,99.0,100.0,2.35,RU,1616788753.0
kalabo,-14.97,22.6814,73.89,68.0,94.0,3.96,ZM,1616788984.0
issia,6.4922,-6.5856,82.06,61.0,53.0,6.44,CI,1616788986.0
karmala,18.4167,75.2,85.08,15.0,0.0,11.45,IN,1616788988.0
tessalit,20.1986,1.0114,77.4,9.0,0.0,13.62,ML,1616788990.0
mabaruma,8.2,-59.7833,77.95,89.0,67.0,5.3,GY,1616788993.0
ejido,8.5514,-71.2375,72.52,85.0,100.0,2.86,VE,1616788998.0
altay,47.8667,88.1167,28.24,52.0,100.0,6.29,CN,1616789000.0
zelenoborsk,61.4669,64.0333,24.4,94.0,12.0,6.13,RU,1616789001.0
lagoa,39.05,-27.9833,56.93,58.0,23.0,5.17,PT,1616789005.0
kodinar,20.7903,70.7031,82.15,27.0,0.0,9.19,IN,1616789007.0
maragogi,-9.0122,-35.2225,78.62,83.0,67.0,7.67,BR,1616789008.0
tarija,-21.5355,-64.7296,73.4,68.0,75.0,9.22,BO,1616788891.0
jiayuguan,39.8167,98.3,44.64,25.0,0.0,1.03,CN,1616789013.0
karatu,-3.3333,35.6667,61.9,90.0,99.0,2.93,TZ,1616789015.0
chifeng,42.2683,118.9636,44.42,80.0,100.0,5.64,CN,1616788982.0
alofi,-19.0595,-169.9187,82.4,83.0,75.0,12.66,NU,1616789018.0
mongar,27.2747,91.2396,49.46,37.0,0.0,6.46,BT,1616789020.0
cururupu,-1.8283,-44.8683,73.06,98.0,100.0,3.15,BR,1616788776.0
areni,39.7191,45.1799,44.6,65.0,75.0,6.91,AM,1616789024.0
biak,-0.9131,122.8766,74.75,91.0,100.0,2.71,ID,1616789027.0
wamba,8.9333,8.6,85.86,15.0,3.0,4.45,NG,1616789029.0
banjar,-8.19,114.9675,78.8,89.0,20.0,4.43,ID,1616789031.0
peterongan,-7.5394,112.2792,80.6,89.0,20.0,4.61,ID,1616789032.0
proletarsk,46.7031,41.7192,34.16,98.0,100.0,9.75,RU,1616789034.0
preobrazheniye,42.9019,133.9064,35.13,72.0,100.0,4.32,RU,1616789036.0
charlestown,-32.95,151.6667,63.0,90.0,100.0,6.08,AU,1616789039.0
huicungo,-7.2833,-76.8,89.6,58.0,40.0,4.61,PE,1616789043.0
ialibu,-6.2821,143.9935,55.51,98.0,100.0,1.36,PG,1616789046.0
mineral wells,39.1904,-81.5321,66.2,45.0,90.0,11.5,US,1616789048.0
tadine,-21.55,167.8833,77.79,79.0,31.0,9.89,NC,1616789053.0
fauske,67.2588,15.3918,44.6,53.0,0.0,9.22,NO,1616789055.0
kamarion,36.8,25.8167,48.0,57.0,20.0,5.75,GR,1616789057.0
andenes,69.3143,16.1194,39.2,70.0,0.0,14.97,NO,1616789058.0
savonlinna,61.8699,28.88,33.8,93.0,20.0,6.91,FI,1616788763.0
narrabri,-30.3167,149.7833,60.8,77.0,75.0,8.05,AU,1616789062.0
taman,45.2117,36.7161,37.4,87.0,98.0,11.18,RU,1616789064.0
luanda,-8.8368,13.2343,78.8,78.0,75.0,2.3,AO,1616788980.0
texarkana,33.4251,-94.0477,73.4,38.0,1.0,9.22,US,1616788815.0
bima,-8.4667,118.7167,76.24,94.0,100.0,3.76,ID,1616789070.0
marzuq,14.4,46.4667,65.75,31.0,82.0,5.86,YE,1616789072.0
westerkappeln,52.3167,7.8833,53.6,58.0,0.0,4.61,DE,1616789074.0
katherine,-14.4667,132.2667,80.6,83.0,90.0,4.61,AU,1616789075.0
dongkan,33.9997,119.8308,57.81,98.0,100.0,5.01,CN,1616789077.0
lusambo,-4.9667,23.45,69.51,96.0,92.0,2.1,CD,1616789079.0
pungesti,46.7,27.3333,39.2,70.0,0.0,6.91,RO,1616789082.0
gat,31.61,34.7642,54.0,100.0,100.0,11.34,IL,1616788804.0
pochutla,15.7432,-96.4661,89.01,48.0,20.0,11.5,MX,1616789089.0
anadyr,64.75,177.4833,-2.0,78.0,0.0,15.66,RU,1616789091.0
mbanza-ngungu,-5.25,14.8667,68.56,96.0,100.0,2.93,CD,1616789093.0
ternate,0.8,127.4,79.7,84.0,100.0,9.62,ID,1616789094.0
tulagi,-9.0996,160.1476,83.32,74.0,99.0,16.6,SB,1616789096.0
christchurch,-43.5333,172.6333,57.0,93.0,54.0,2.3,NZ,1616789100.0
lakatoro,-16.0999,167.4164,79.99,83.0,28.0,7.2,VU,1616789101.0
grindavik,63.8424,-22.4338,24.8,58.0,75.0,6.91,IS,1616789105.0
bonthe,7.5264,-12.505,79.79,83.0,7.0,8.55,SL,1616789106.0
celestun,20.8667,-90.4,84.47,65.0,2.0,12.3,MX,1616789108.0
saint-pierre,-21.3393,55.4781,78.8,83.0,0.0,3.44,RE,1616789110.0
urumqi,43.801,87.6005,44.6,76.0,0.0,6.71,CN,1616789112.0
kandrian,-6.2167,149.55,77.09,89.0,100.0,3.51,PG,1616789114.0
leh,34.1667,77.5833,39.51,39.0,2.0,3.74,IN,1616789006.0
lamu,-2.2717,40.902,82.4,78.0,1.0,9.22,KE,1616789117.0
jiazi,22.8779,116.067,67.87,84.0,100.0,4.88,CN,1616789119.0
challapata,-18.9,-66.7667,59.81,38.0,72.0,3.04,BO,1616789121.0
camana,-16.6228,-72.7111,72.81,74.0,98.0,8.14,PE,1616789122.0
aluksne,57.4167,27.05,30.29,94.0,1.0,2.33,LV,1616789124.0
